S,B,is_validation,oom,latency,device_time,memory,energy,power
32,1,False,False,0.0006601039995075553,0.0006349440217018128,18763776,0.019872742906283977,54.092615467811946
32,2,False,False,0.00044805100060330005,0.00041555199027061465,18874368,0.02228335112060057,60.092741452104576
32,4,False,False,0.00044236000030650757,0.000411871999502182,19095552,0.02699862107004887,57.51154346681348
32,8,False,False,0.0005857569994986989,0.00054339200258255,19537920,0.028849320241695977,57.338642501500736
32,16,False,False,0.0004564600003504893,0.0004341759979724884,14843904,0.026076634975516277,72.17597629620379
32,32,False,False,0.0006254460004129214,0.0006017600297927857,15958016,0.03724796590468341,68.38423078626415
32,64,False,False,0.000879591999364493,0.0008514879941940308,18448384,0.057799037947617614,69.08010307525984
32,111,True,False,0.0019930764997297956,0.0019159040451049805,53959168,0.14191271347248666,70.16314276955687
32,128,False,False,0.002266004999910365,0.0022365760803222654,60129280,0.1524795486600541,67.61713778311558
32,133,True,False,0.002353966000555374,0.002162240028381348,62390272,0.1597750000000387,67.33128648047636
32,139,True,False,0.003982743999586091,0.002100064039230347,63406592,0.16044907407410425,66.64349851473109
32,256,False,False,0.004874158000347961,0.0038533759117126464,103669760,0.2808973105134178,67.26487669845781
64,1,False,False,0.00047476300005655503,0.00044966399669647215,23207936,0.027714672992203586,70.9865492163336
64,2,False,False,0.0004938369993396918,0.00047302401065826415,23773184,0.027574191397134705,69.160339766093
64,4,False,False,0.0005118600001878804,0.0004896000027656555,24903680,0.02942795911638795,69.66453415299706
64,8,False,False,0.0004847089994655107,0.0004628159999847412,17793536,0.027146542457901563,66.77087421084825
64,16,False,False,0.0005788030002804589,0.0005573760271072388,19497472,0.03530007390982898,66.77220009095679
64,32,False,False,0.0009386570000060601,0.0009156799912452698,23429120,0.06014650059310642,67.55157680160501
64,64,False,False,0.0015817399998923065,0.0015320639610290527,32210944,0.10052276707532443,65.80886026609839
64,111,True,False,0.004256326999893645,0.004193103790283204,68098560,0.286957671957675,67.1551984161059
64,128,False,False,0.004805569000382093,0.00476643180847168,76644352,0.33229357798166204,68.65624507875569
64,133,True,False,0.005094644000109838,0.005057984113693237,79642624,0.3415314465408461,67.61694665701414
64,139,True,False,0.005141085499872133,0.0051078879833221435,83100160,0.3506419354838492,68.2228441414735
64,256,False,False,0.00903742649961714,0.008987599849700928,138272768,0.5735783132530555,63.704350665738914
80,1,True,False,0.00047726600041642087,0.00045545598864555356,23290880,0.029245539177653036,60.39886192343504
80,2,True,False,0.0006417190006686724,0.0006100479960441589,23939072,0.03805320435308484,65.65436486392909
80,4,True,False,0.0008271959995909128,0.0007741439938545227,25235456,0.03243636363636407,68.6421992775632
80,8,True,False,0.0005475349998960155,0.0005263360142707824,18752000,0.034943248532289174,71.84502408355027
80,16,True,False,0.0008531510002285358,0.000830847978591919,20692992,0.055411860718160906,67.78982307919938
80,32,True,False,0.001306520000071032,0.0012799999713897705,28377088,0.08224518888097931,66.07051914988854
80,64,True,False,0.002386661999480566,0.0023587520122528077,41582592,0.16364621968618387,69.25326517395196
80,111,True,False,0.006906739500209369,0.0068699998855590826,79556096,0.4791718061673886,68.61963861969458
80,128,True,False,0.007741039999928034,0.0076697921752929684,90669056,0.5118894472360803,65.50231585787557
80,133,True,False,0.008404617000451253,0.008340959548950195,93150208,0.5486236559139485,65.88813485679387
80,139,True,False,0.00850258699938422,0.00846998405456543,96527872,0.5872903225806689,69.3263429985844
80,256,True,False,0.014756444000340707,0.014702591896057129,223707136,1.002254901960887,68.22025339966021
128,1,False,False,0.0006125830004748423,0.0005901119709014892,24068096,0.0352608476286665,67.78061030586953
128,2,False,False,0.00047480600005656015,0.00044572800397872924,17794048,0.029678450660935603,72.54410454671843
128,4,False,False,0.0005755920001320192,0.0005550079941749573,19497984,0.036403954802256513,68.69735692120904
128,8,False,False,0.000974978000158444,0.0009397439956665039,23429120,0.06310944700460253,69.26993136099176
128,16,False,False,0.0015081290002854075,0.001460800051689148,32210944,0.0995428571428396,67.98822742787777
128,32,False,False,0.0028237800001988944,0.002795520067214966,49381376,0.18900309597521742,68.24183528801917
128,64,False,False,0.005195954000555503,0.00515718412399292,119316480,0.34669108280256183,67.24572956602326
128,111,True,False,0.013070439000330225,0.013011136054992677,196878336,0.8741623931624091,65.9389581601094
128,128,False,False,0.014884356000038679,0.014834271907806396,223518720,1.0195900000000255,67.73768787883782
128,133,True,False,0.01593853600024886,0.01586176013946533,243171328,1.0867021276595126,67.1826908534142
128,139,True,False,0.01656334249992142,0.016483856201171876,246710272,1.1286999999998242,67.86698578002876
128,256,False,False,0.02993036200041388,0.02988044738769531,431923200,2.0830000000002045,69.58787935040385
208,1,True,False,0.0005328249999365653,0.0005093439817428589,18340352,0.030211453744483478,68.15462487374076
208,2,True,False,0.0007170059998315992,0.0006963199973106384,21564928,0.04590467625899469,68.54646509072198
208,4,True,False,0.0011520629996084608,0.0011263999938964844,26591232,0.07712226415094743,69.08861287150927
208,8,True,False,0.0021131109997440944,0.002086911916732788,38076416,0.1396322815533989,67.47578687801366
208,16,True,False,0.003951439499815024,0.0038879040479660033,61718528,0.2684026548672551,69.42792318393207
208,32,True,False,0.006561682000210567,0.006510528087615966,140795904,0.4181393442623466,64.71378187345128
208,64,True,False,0.01258759900019868,0.012541775703430177,265650176,0.8516578947369055,67.94919611984163
208,111,True,False,0.03282232000037766,0.03275860786437988,450415616,2.258599999999731,67.32409918787916
208,128,True,False,0.037315535999823624,0.037247776031494144,514170880,2.5400500000003374,67.39838127508484
208,133,True,False,0.04050467999968532,0.040443870544433595,559153152,2.734621621621143,67.79994224448428
208,139,True,False,0.041612957999859645,0.041543678283691404,568402944,2.7078571428569767,64.63987995136073
208,256,True,False,0.0789778580001439,0.07892745971679688,1013284864,5.370736842104969,68.28608733729762
224,1,False,False,0.0005846390004080604,0.0005614719986915588,18699776,0.03490382387022367,69.44492538804595
224,2,False,False,0.000750538999454875,0.0007285760045051575,21308928,0.049786336542871415,70.02651459716533
224,4,False,False,0.001250680999874021,0.0012206079959869384,28131328,0.08208320726172132,67.72365471101602
224,8,False,False,0.002363171000069997,0.002335968017578125,41025536,0.15987779237847022,69.4940503675528
224,16,False,False,0.004408279000017501,0.004380671977996826,68321280,0.2972916666666758,69.1439537293509
224,32,False,False,0.00792100250009753,0.007848015785217285,174673920,0.5441333333333936,69.05894808232685
224,64,False,False,0.0150151879997793,0.014969615936279296,335904768,1.0616938775510418,70.77475772818607
224,111,True,False,0.041291948000434786,0.04124467086791992,572041216,2.8243055555560406,67.09532640543972
224,128,False,False,0.04673075949995109,0.04665151977539062,655458304,3.1862499999997453,67.21056546503365
224,133,True,False,0.05132747700008622,0.05127091217041015,713443328,3.521103448275645,68.4507185317444
224,139,True,False,0.05262512799981778,0.052545440673828124,725121024,3.6326785714284466,68.59204747355533
224,256,False,False,0.09875292400010949,0.0986971206665039,1292992512,6.795466666666713,69.21797866955538
256,1,False,False,0.0005543170000237296,0.0005296000242233276,19499008,0.03431642390758074,67.94240812308051
256,2,False,False,0.000827618000585062,0.0008050879836082459,24346624,0.05571345595352956,70.71764879956241
256,4,False,False,0.0014619300000049407,0.0014369599819183349,32210944,0.09195652173912094,64.61708009987015
256,8,False,False,0.0028591774998858455,0.0028281919956207277,49381376,0.18182014388489962,64.50431364687167
256,16,False,False,0.005022518999794556,0.004989280223846436,119316480,0.33405247813407346,66.41929877613194
256,32,False,False,0.00961583000025712,0.009537568092346191,223518720,0.6522955974842548,68.9867213342246
256,64,False,False,0.01864774200021202,0.018612831115722657,431923200,1.3030374999998457,69.73670877269481
256,111,True,False,0.051023139999415434,0.05095756912231445,744529920,3.284172413792413,63.08993851197565
256,128,False,False,0.05749231899972074,0.057436126708984375,848732160,3.8323199999995996,65.2051904091381
256,133,True,False,0.06278898700020363,0.06272528076171875,928612352,4.2632083333337505,67.1171482385812
256,139,True,False,0.06512382100027025,0.06504259490966798,943030272,4.33727272727331,66.35207545103276
256,256,False,False,0.11840778499936278,0.11830886077880859,1683062784,7.974916666666104,67.4393408220277
304,1,True,False,0.0007294280003407039,0.0007057600021362305,20897280,0.04267171717171982,64.20138106236955
304,2,True,False,0.0012409500004650909,0.0012165119647979737,26779648,0.07825057471264243,65.45333962611586
304,4,True,False,0.0021505220001927228,0.002125823974609375,39960576,0.14229666254637424,67.20971624637669
304,8,True,False,0.004040625999550684,0.004006112098693847,64274432,0.2612795454545862,64.73926804486109
304,16,True,False,0.006934141999408894,0.006863872051239014,153698304,0.47294372294372294,69.21586555996888
304,32,True,False,0.013498741000148584,0.013421536445617676,291143680,0.8729818181817377,65.25724517770051
304,64,True,False,0.02637117699941882,0.02630860710144043,565706752,1.8596785714284383,70.21880118981412
304,111,True,False,0.07370209300006536,0.07362761688232422,973778944,5.09539999999979,67.8233269949938
304,128,True,False,0.08321899500060681,0.08314678192138672,1114464256,5.605411764706814,66.22267890322023
304,133,True,False,0.0915498310005205,0.09142825317382812,1216093184,6.3723750000008295,69.50473183027079
304,139,True,False,0.09381112600021879,0.0937293472290039,1236387840,6.353466666668343,67.33654534258363
304,256,True,False,0.17054898399965168,0.17043814086914064,2213552128,11.063249999999243,64.88859772738014
320,1,True,False,0.00075593299970933,0.0007352319955825806,21416448,0.06294335122242779,65.96467415721496
320,2,True,False,0.0012894130004497129,0.001265663981437683,28377088,0.0829923195084573,65.64944818408811
320,4,True,False,0.0027559829995880136,0.0018958719968795777,41582592,0.15420843989768004,68.79737177710162
320,8,True,False,0.004272633000255155,0.0042292160987854,70483968,0.2889451073985663,67.71590674715122
320,16,True,False,0.0072618770000190125,0.007223392009735107,159744000,0.4979230769230736,69.10471861150084
320,32,True,False,0.014213255500180821,0.014172800064086914,303136768,0.9921809523807107,70.24450169888635
320,64,True,False,0.028233197000190557,0.02817695999145508,588513280,1.964283018867718,69.2774651582759
320,111,True,False,0.08195297100064636,0.08188822174072266,1013630976,5.664277777777493,67.50214549563034
320,128,True,False,0.09362401499947737,0.09302015686035156,1159815168,6.378562500000044,67.24961811131489
320,133,True,False,0.10091370800000732,0.1008288345336914,1263632384,6.76757142857241,66.02467885926984
320,139,True,False,0.10497272099928523,0.10489657592773438,1286160384,6.792571428570747,64.3476942099402
320,256,True,False,0.1910229340001024,0.19090777587890626,2304516096,12.668142857142291,66.50032474000723
384,1,False,False,0.000930589999370568,0.000899616003036499,24412160,0.06017485119047619,68.8373757491567
384,2,False,False,0.0016370790008295444,0.00160972797870636,33783808,0.11320673526658731,69.02669340968711
384,4,False,False,0.0030303630001071724,0.003002496004104614,54493184,0.1933649373881678,64.46880759249926
384,8,False,False,0.0060698799998135655,0.006038784027099609,94470144,0.38514093959730605,64.58452189919798
384,16,False,False,0.010786607500449463,0.010749407768249512,227639296,0.7553649635037601,70.33138029352116
384,32,False,False,0.02088106399969547,0.020769119262695312,436260864,1.464859154929643,70.78614174978253
384,64,False,False,0.040932750000138185,0.04086985778808594,857407488,2.9859999999994344,72.34886532311864
384,111,True,False,0.11537381000016467,0.11529843139648438,1484802048,7.9528333333340315,67.31151061867321
384,128,False,False,0.13039251300051546,0.13032765197753907,1699840000,9.278636363633929,69.5854064328035
384,133,True,False,0.14290993500071636,0.142772216796875,1853390848,9.5179999999993,65.94072555617049
384,139,True,False,0.14722400199934782,0.14711488342285156,1884061696,10.219099999999163,68.7449640299185
384,256,False,False,0.2691224460004378,0.2690159912109375,3384287232,19.255000000004657,71.86307562561807
512,1,False,False,0.0014720629997100332,0.0014419519901275634,32210944,0.09339525691699926,66.22091425911708
512,2,False,False,0.002728753500377934,0.0027011359930038453,49381376,0.18114240506331988,67.29334933041697
512,4,False,False,0.00537716899998486,0.005277632236480713,85032960,0.34481210191085326,65.44073173861028
512,8,False,False,0.010360574000515044,0.010285056114196778,156336128,0.6814496644296771,66.6268090889541
512,16,False,False,0.018192686000475078,0.01815567970275879,399734784,1.2090750000003028,66.95954592716478
512,32,False,False,0.03637664500001847,0.03632852745056152,784355328,2.53219512195139,69.68709281070953
512,64,False,False,0.07326291400022455,0.0731693115234375,1553596416,5.177700000000186,70.66985626475777
512,111,True,False,0.2044341880000502,0.20433100891113282,2699069440,14.645999999999601,70.2006767301019
512,128,False,False,0.23386172200025612,0.2337566375732422,3092348928,17.131666666663175,72.33424100242864
512,133,True,False,0.25390107900057046,0.2537963256835937,3373938688,17.780999999999768,69.45024107824786
512,139,True,False,0.26102891899972747,0.26088552856445313,3430561792,17.773399999999675,67.55898718647424
512,256,False,False,0.47629984300056094,0.47616815185546874,6169042944,32.070000000006985,67.54471880566652
